"LOCATION","INDICATOR","SUBJECT","MEASURE","FREQUENCY","TIME","Value","Flag Codes"
"AUS","PISAREAD","BOY","MEANSCORE","A","2000",513,
"AUS","PISAREAD","BOY","MEANSCORE","A","2003",506,
"AUS","PISAREAD","BOY","MEANSCORE","A","2006",495,
"AUS","PISAREAD","BOY","MEANSCORE","A","2009",496,
"AUS","PISAREAD","BOY","MEANSCORE","A","2012",495.09,
"AUS","PISAREAD","BOY","MEANSCORE","A","2015",487,
"AUS","PISAREAD","GIRL","MEANSCORE","A","2000",546,
"AUS","PISAREAD","GIRL","MEANSCORE","A","2003",545,
"AUS","PISAREAD","GIRL","MEANSCORE","A","2006",532,
"AUS","PISAREAD","GIRL","MEANSCORE","A","2009",533,
"AUS","PISAREAD","GIRL","MEANSCORE","A","2012",529.542,
"AUS","PISAREAD","GIRL","MEANSCORE","A","2015",519,
"AUT","PISAREAD","BOY","MEANSCORE","A","2000",476,
"AUT","PISAREAD","BOY","MEANSCORE","A","2003",467,
"AUT","PISAREAD","BOY","MEANSCORE","A","2006",468,
"AUT","PISAREAD","BOY","MEANSCORE","A","2012",471.093,
"AUT","PISAREAD","BOY","MEANSCORE","A","2015",475,
"AUT","PISAREAD","GIRL","MEANSCORE","A","2000",509,
"AUT","PISAREAD","GIRL","MEANSCORE","A","2003",514,
"AUT","PISAREAD","GIRL","MEANSCORE","A","2006",513,
"AUT","PISAREAD","GIRL","MEANSCORE","A","2012",508.021,
"AUT","PISAREAD","GIRL","MEANSCORE","A","2015",495,
"BEL","PISAREAD","BOY","MEANSCORE","A","2000",492,
"BEL","PISAREAD","BOY","MEANSCORE","A","2003",489,
"BEL","PISAREAD","BOY","MEANSCORE","A","2006",482,
"BEL","PISAREAD","BOY","MEANSCORE","A","2009",493,
"BEL","PISAREAD","BOY","MEANSCORE","A","2012",492.755,
"BEL","PISAREAD","BOY","MEANSCORE","A","2015",491,
"BEL","PISAREAD","GIRL","MEANSCORE","A","2000",525,
"BEL","PISAREAD","GIRL","MEANSCORE","A","2003",526,
"BEL","PISAREAD","GIRL","MEANSCORE","A","2006",522,
"BEL","PISAREAD","GIRL","MEANSCORE","A","2009",520,
"BEL","PISAREAD","GIRL","MEANSCORE","A","2012",524.602,
"BEL","PISAREAD","GIRL","MEANSCORE","A","2015",507,
"CAN","PISAREAD","BOY","MEANSCORE","A","2000",519,
"CAN","PISAREAD","BOY","MEANSCORE","A","2003",514,
"CAN","PISAREAD","BOY","MEANSCORE","A","2006",511,
"CAN","PISAREAD","BOY","MEANSCORE","A","2009",507,
"CAN","PISAREAD","BOY","MEANSCORE","A","2012",505.512,
"CAN","PISAREAD","BOY","MEANSCORE","A","2015",514,
"CAN","PISAREAD","GIRL","MEANSCORE","A","2000",551,
"CAN","PISAREAD","GIRL","MEANSCORE","A","2003",546,
"CAN","PISAREAD","GIRL","MEANSCORE","A","2006",543,
"CAN","PISAREAD","GIRL","MEANSCORE","A","2009",542,
"CAN","PISAREAD","GIRL","MEANSCORE","A","2012",540.657,
"CAN","PISAREAD","GIRL","MEANSCORE","A","2015",540,
"CZE","PISAREAD","BOY","MEANSCORE","A","2000",473,
"CZE","PISAREAD","BOY","MEANSCORE","A","2003",473,
"CZE","PISAREAD","BOY","MEANSCORE","A","2006",463,
"CZE","PISAREAD","BOY","MEANSCORE","A","2009",456,
"CZE","PISAREAD","BOY","MEANSCORE","A","2012",473.983,
"CZE","PISAREAD","BOY","MEANSCORE","A","2015",475,
"CZE","PISAREAD","GIRL","MEANSCORE","A","2000",510,
"CZE","PISAREAD","GIRL","MEANSCORE","A","2003",504,
"CZE","PISAREAD","GIRL","MEANSCORE","A","2006",509,
"CZE","PISAREAD","GIRL","MEANSCORE","A","2009",504,
"CZE","PISAREAD","GIRL","MEANSCORE","A","2012",512.79,
"CZE","PISAREAD","GIRL","MEANSCORE","A","2015",501,
"DNK","PISAREAD","BOY","MEANSCORE","A","2000",485,
"DNK","PISAREAD","BOY","MEANSCORE","A","2003",479,
"DNK","PISAREAD","BOY","MEANSCORE","A","2006",480,
"DNK","PISAREAD","BOY","MEANSCORE","A","2009",480,
"DNK","PISAREAD","BOY","MEANSCORE","A","2012",480.89,
"DNK","PISAREAD","BOY","MEANSCORE","A","2015",489,
"DNK","PISAREAD","GIRL","MEANSCORE","A","2000",510,
"DNK","PISAREAD","GIRL","MEANSCORE","A","2003",505,
"DNK","PISAREAD","GIRL","MEANSCORE","A","2006",509,
"DNK","PISAREAD","GIRL","MEANSCORE","A","2009",509,
"DNK","PISAREAD","GIRL","MEANSCORE","A","2012",511.529,
"DNK","PISAREAD","GIRL","MEANSCORE","A","2015",511,
"FIN","PISAREAD","BOY","MEANSCORE","A","2000",520,
"FIN","PISAREAD","BOY","MEANSCORE","A","2003",521,
"FIN","PISAREAD","BOY","MEANSCORE","A","2006",521,
"FIN","PISAREAD","BOY","MEANSCORE","A","2009",508,
"FIN","PISAREAD","BOY","MEANSCORE","A","2012",494.006,
"FIN","PISAREAD","BOY","MEANSCORE","A","2015",504,
"FIN","PISAREAD","GIRL","MEANSCORE","A","2000",571,
"FIN","PISAREAD","GIRL","MEANSCORE","A","2003",565,
"FIN","PISAREAD","GIRL","MEANSCORE","A","2006",572,
"FIN","PISAREAD","GIRL","MEANSCORE","A","2009",563,
"FIN","PISAREAD","GIRL","MEANSCORE","A","2012",555.708,
"FIN","PISAREAD","GIRL","MEANSCORE","A","2015",551,
"FRA","PISAREAD","BOY","MEANSCORE","A","2000",490,
"FRA","PISAREAD","BOY","MEANSCORE","A","2003",476,
"FRA","PISAREAD","BOY","MEANSCORE","A","2006",470,
"FRA","PISAREAD","BOY","MEANSCORE","A","2009",475,
"FRA","PISAREAD","BOY","MEANSCORE","A","2012",482.972,
"FRA","PISAREAD","BOY","MEANSCORE","A","2015",485,
"FRA","PISAREAD","GIRL","MEANSCORE","A","2000",519,
"FRA","PISAREAD","GIRL","MEANSCORE","A","2003",514,
"FRA","PISAREAD","GIRL","MEANSCORE","A","2006",505,
"FRA","PISAREAD","GIRL","MEANSCORE","A","2009",515,
"FRA","PISAREAD","GIRL","MEANSCORE","A","2012",526.765,
"FRA","PISAREAD","GIRL","MEANSCORE","A","2015",514,
"DEU","PISAREAD","BOY","MEANSCORE","A","2000",468,
"DEU","PISAREAD","BOY","MEANSCORE","A","2003",471,
"DEU","PISAREAD","BOY","MEANSCORE","A","2006",475,
"DEU","PISAREAD","BOY","MEANSCORE","A","2009",478,
"DEU","PISAREAD","BOY","MEANSCORE","A","2012",486,
"DEU","PISAREAD","BOY","MEANSCORE","A","2015",499,
"DEU","PISAREAD","GIRL","MEANSCORE","A","2000",502,
"DEU","PISAREAD","GIRL","MEANSCORE","A","2003",513,
"DEU","PISAREAD","GIRL","MEANSCORE","A","2006",517,
"DEU","PISAREAD","GIRL","MEANSCORE","A","2009",518,
"DEU","PISAREAD","GIRL","MEANSCORE","A","2012",530.119,
"DEU","PISAREAD","GIRL","MEANSCORE","A","2015",520,
"GRC","PISAREAD","BOY","MEANSCORE","A","2000",456,
"GRC","PISAREAD","BOY","MEANSCORE","A","2003",453,
"GRC","PISAREAD","BOY","MEANSCORE","A","2006",432,
"GRC","PISAREAD","BOY","MEANSCORE","A","2009",459,
"GRC","PISAREAD","BOY","MEANSCORE","A","2012",451.718,
"GRC","PISAREAD","BOY","MEANSCORE","A","2015",449,
"GRC","PISAREAD","GIRL","MEANSCORE","A","2000",493,
"GRC","PISAREAD","GIRL","MEANSCORE","A","2003",490,
"GRC","PISAREAD","GIRL","MEANSCORE","A","2006",488,
"GRC","PISAREAD","GIRL","MEANSCORE","A","2009",506,
"GRC","PISAREAD","GIRL","MEANSCORE","A","2012",502.198,
"GRC","PISAREAD","GIRL","MEANSCORE","A","2015",486,
"HUN","PISAREAD","BOY","MEANSCORE","A","2000",465,
"HUN","PISAREAD","BOY","MEANSCORE","A","2003",467,
"HUN","PISAREAD","BOY","MEANSCORE","A","2006",463,
"HUN","PISAREAD","BOY","MEANSCORE","A","2009",475,
"HUN","PISAREAD","BOY","MEANSCORE","A","2012",467.964,
"HUN","PISAREAD","BOY","MEANSCORE","A","2015",457,
"HUN","PISAREAD","GIRL","MEANSCORE","A","2000",496,
"HUN","PISAREAD","GIRL","MEANSCORE","A","2003",498,
"HUN","PISAREAD","GIRL","MEANSCORE","A","2006",503,
"HUN","PISAREAD","GIRL","MEANSCORE","A","2009",513,
"HUN","PISAREAD","GIRL","MEANSCORE","A","2012",507.549,
"HUN","PISAREAD","GIRL","MEANSCORE","A","2015",482,
"ISL","PISAREAD","BOY","MEANSCORE","A","2000",488,
"ISL","PISAREAD","BOY","MEANSCORE","A","2003",464,
"ISL","PISAREAD","BOY","MEANSCORE","A","2006",460,
"ISL","PISAREAD","BOY","MEANSCORE","A","2009",478,
"ISL","PISAREAD","BOY","MEANSCORE","A","2012",457.275,
"ISL","PISAREAD","BOY","MEANSCORE","A","2015",460,
"ISL","PISAREAD","GIRL","MEANSCORE","A","2000",528,
"ISL","PISAREAD","GIRL","MEANSCORE","A","2003",522,
"ISL","PISAREAD","GIRL","MEANSCORE","A","2006",509,
"ISL","PISAREAD","GIRL","MEANSCORE","A","2009",522,
"ISL","PISAREAD","GIRL","MEANSCORE","A","2012",508.39,
"ISL","PISAREAD","GIRL","MEANSCORE","A","2015",502,
"IRL","PISAREAD","BOY","MEANSCORE","A","2000",513,
"IRL","PISAREAD","BOY","MEANSCORE","A","2003",501,
"IRL","PISAREAD","BOY","MEANSCORE","A","2006",500,
"IRL","PISAREAD","BOY","MEANSCORE","A","2009",476,
"IRL","PISAREAD","BOY","MEANSCORE","A","2012",509.153,
"IRL","PISAREAD","BOY","MEANSCORE","A","2015",515,
"IRL","PISAREAD","GIRL","MEANSCORE","A","2000",542,
"IRL","PISAREAD","GIRL","MEANSCORE","A","2003",530,
"IRL","PISAREAD","GIRL","MEANSCORE","A","2006",534,
"IRL","PISAREAD","GIRL","MEANSCORE","A","2009",515,
"IRL","PISAREAD","GIRL","MEANSCORE","A","2012",537.669,
"IRL","PISAREAD","GIRL","MEANSCORE","A","2015",527,
"ITA","PISAREAD","BOY","MEANSCORE","A","2000",469,
"ITA","PISAREAD","BOY","MEANSCORE","A","2003",455,
"ITA","PISAREAD","BOY","MEANSCORE","A","2006",448,
"ITA","PISAREAD","BOY","MEANSCORE","A","2009",464,
"ITA","PISAREAD","BOY","MEANSCORE","A","2012",470.938,
"ITA","PISAREAD","BOY","MEANSCORE","A","2015",477,
"ITA","PISAREAD","GIRL","MEANSCORE","A","2000",507,
"ITA","PISAREAD","GIRL","MEANSCORE","A","2003",495,
"ITA","PISAREAD","GIRL","MEANSCORE","A","2006",489,
"ITA","PISAREAD","GIRL","MEANSCORE","A","2009",510,
"ITA","PISAREAD","GIRL","MEANSCORE","A","2012",509.945,
"ITA","PISAREAD","GIRL","MEANSCORE","A","2015",493,
"JPN","PISAREAD","BOY","MEANSCORE","A","2000",507,
"JPN","PISAREAD","BOY","MEANSCORE","A","2003",487,
"JPN","PISAREAD","BOY","MEANSCORE","A","2006",483,
"JPN","PISAREAD","BOY","MEANSCORE","A","2009",501,
"JPN","PISAREAD","BOY","MEANSCORE","A","2012",526.618,
"JPN","PISAREAD","BOY","MEANSCORE","A","2015",509,
"JPN","PISAREAD","GIRL","MEANSCORE","A","2000",537,
"JPN","PISAREAD","GIRL","MEANSCORE","A","2003",509,
"JPN","PISAREAD","GIRL","MEANSCORE","A","2006",513,
"JPN","PISAREAD","GIRL","MEANSCORE","A","2009",540,
"JPN","PISAREAD","GIRL","MEANSCORE","A","2012",550.724,
"JPN","PISAREAD","GIRL","MEANSCORE","A","2015",523,
"KOR","PISAREAD","BOY","MEANSCORE","A","2000",519,
"KOR","PISAREAD","BOY","MEANSCORE","A","2003",525,
"KOR","PISAREAD","BOY","MEANSCORE","A","2006",539,
"KOR","PISAREAD","BOY","MEANSCORE","A","2009",523,
"KOR","PISAREAD","BOY","MEANSCORE","A","2012",524.965,
"KOR","PISAREAD","BOY","MEANSCORE","A","2015",498,
"KOR","PISAREAD","GIRL","MEANSCORE","A","2000",533,
"KOR","PISAREAD","GIRL","MEANSCORE","A","2003",547,
"KOR","PISAREAD","GIRL","MEANSCORE","A","2006",574,
"KOR","PISAREAD","GIRL","MEANSCORE","A","2009",558,
"KOR","PISAREAD","GIRL","MEANSCORE","A","2012",548.207,
"KOR","PISAREAD","GIRL","MEANSCORE","A","2015",539,
"LUX","PISAREAD","BOY","MEANSCORE","A","2000",429,
"LUX","PISAREAD","BOY","MEANSCORE","A","2003",463,
"LUX","PISAREAD","BOY","MEANSCORE","A","2006",464,
"LUX","PISAREAD","BOY","MEANSCORE","A","2009",453,
"LUX","PISAREAD","BOY","MEANSCORE","A","2012",473.046,
"LUX","PISAREAD","BOY","MEANSCORE","A","2015",471,
"LUX","PISAREAD","GIRL","MEANSCORE","A","2000",456,
"LUX","PISAREAD","GIRL","MEANSCORE","A","2003",496,
"LUX","PISAREAD","GIRL","MEANSCORE","A","2006",495,
"LUX","PISAREAD","GIRL","MEANSCORE","A","2009",492,
"LUX","PISAREAD","GIRL","MEANSCORE","A","2012",503.024,
"LUX","PISAREAD","GIRL","MEANSCORE","A","2015",492,
"MEX","PISAREAD","BOY","MEANSCORE","A","2000",411,
"MEX","PISAREAD","BOY","MEANSCORE","A","2003",389,
"MEX","PISAREAD","BOY","MEANSCORE","A","2006",393,
"MEX","PISAREAD","BOY","MEANSCORE","A","2009",413,
"MEX","PISAREAD","BOY","MEANSCORE","A","2012",411.365,
"MEX","PISAREAD","BOY","MEANSCORE","A","2015",416,
"MEX","PISAREAD","GIRL","MEANSCORE","A","2000",432,
"MEX","PISAREAD","GIRL","MEANSCORE","A","2003",410,
"MEX","PISAREAD","GIRL","MEANSCORE","A","2006",427,
"MEX","PISAREAD","GIRL","MEANSCORE","A","2009",438,
"MEX","PISAREAD","GIRL","MEANSCORE","A","2012",435.272,
"MEX","PISAREAD","GIRL","MEANSCORE","A","2015",431,
"NLD","PISAREAD","BOY","MEANSCORE","A","2003",503,
"NLD","PISAREAD","BOY","MEANSCORE","A","2006",495,
"NLD","PISAREAD","BOY","MEANSCORE","A","2009",496,
"NLD","PISAREAD","BOY","MEANSCORE","A","2012",498.317,
"NLD","PISAREAD","BOY","MEANSCORE","A","2015",491,
"NLD","PISAREAD","GIRL","MEANSCORE","A","2003",524,
"NLD","PISAREAD","GIRL","MEANSCORE","A","2006",519,
"NLD","PISAREAD","GIRL","MEANSCORE","A","2009",521,
"NLD","PISAREAD","GIRL","MEANSCORE","A","2012",524.761,
"NLD","PISAREAD","GIRL","MEANSCORE","A","2015",515,
"NZL","PISAREAD","BOY","MEANSCORE","A","2000",507,
"NZL","PISAREAD","BOY","MEANSCORE","A","2003",508,
"NZL","PISAREAD","BOY","MEANSCORE","A","2006",502,
"NZL","PISAREAD","BOY","MEANSCORE","A","2009",499,
"NZL","PISAREAD","BOY","MEANSCORE","A","2012",495.365,
"NZL","PISAREAD","BOY","MEANSCORE","A","2015",493,
"NZL","PISAREAD","GIRL","MEANSCORE","A","2000",553,
"NZL","PISAREAD","GIRL","MEANSCORE","A","2003",535,
"NZL","PISAREAD","GIRL","MEANSCORE","A","2006",539,
"NZL","PISAREAD","GIRL","MEANSCORE","A","2009",544,
"NZL","PISAREAD","GIRL","MEANSCORE","A","2012",529.765,
"NZL","PISAREAD","GIRL","MEANSCORE","A","2015",526,
"NOR","PISAREAD","BOY","MEANSCORE","A","2000",486,
"NOR","PISAREAD","BOY","MEANSCORE","A","2003",475,
"NOR","PISAREAD","BOY","MEANSCORE","A","2006",462,
"NOR","PISAREAD","BOY","MEANSCORE","A","2009",480,
"NOR","PISAREAD","BOY","MEANSCORE","A","2012",481.284,
"NOR","PISAREAD","BOY","MEANSCORE","A","2015",494,
"NOR","PISAREAD","GIRL","MEANSCORE","A","2000",529,
"NOR","PISAREAD","GIRL","MEANSCORE","A","2003",525,
"NOR","PISAREAD","GIRL","MEANSCORE","A","2006",508,
"NOR","PISAREAD","GIRL","MEANSCORE","A","2009",527,
"NOR","PISAREAD","GIRL","MEANSCORE","A","2012",527.771,
"NOR","PISAREAD","GIRL","MEANSCORE","A","2015",533,
"POL","PISAREAD","BOY","MEANSCORE","A","2000",461,
"POL","PISAREAD","BOY","MEANSCORE","A","2003",477,
"POL","PISAREAD","BOY","MEANSCORE","A","2006",487,
"POL","PISAREAD","BOY","MEANSCORE","A","2009",476,
"POL","PISAREAD","BOY","MEANSCORE","A","2012",496.706,
"POL","PISAREAD","BOY","MEANSCORE","A","2015",491,
"POL","PISAREAD","GIRL","MEANSCORE","A","2000",497,
"POL","PISAREAD","GIRL","MEANSCORE","A","2003",516,
"POL","PISAREAD","GIRL","MEANSCORE","A","2006",528,
"POL","PISAREAD","GIRL","MEANSCORE","A","2009",525,
"POL","PISAREAD","GIRL","MEANSCORE","A","2012",538.687,
"POL","PISAREAD","GIRL","MEANSCORE","A","2015",521,
"PRT","PISAREAD","BOY","MEANSCORE","A","2000",458,
"PRT","PISAREAD","BOY","MEANSCORE","A","2003",459,
"PRT","PISAREAD","BOY","MEANSCORE","A","2006",455,
"PRT","PISAREAD","BOY","MEANSCORE","A","2009",470,
"PRT","PISAREAD","BOY","MEANSCORE","A","2012",468.39,
"PRT","PISAREAD","BOY","MEANSCORE","A","2015",490,
"PRT","PISAREAD","GIRL","MEANSCORE","A","2000",482,
"PRT","PISAREAD","GIRL","MEANSCORE","A","2003",495,
"PRT","PISAREAD","GIRL","MEANSCORE","A","2006",488,
"PRT","PISAREAD","GIRL","MEANSCORE","A","2009",508,
"PRT","PISAREAD","GIRL","MEANSCORE","A","2012",507.562,
"PRT","PISAREAD","GIRL","MEANSCORE","A","2015",507,
"SVK","PISAREAD","BOY","MEANSCORE","A","2003",453,
"SVK","PISAREAD","BOY","MEANSCORE","A","2006",446,
"SVK","PISAREAD","BOY","MEANSCORE","A","2009",452,
"SVK","PISAREAD","BOY","MEANSCORE","A","2012",444.081,
"SVK","PISAREAD","BOY","MEANSCORE","A","2015",435,
"SVK","PISAREAD","GIRL","MEANSCORE","A","2003",486,
"SVK","PISAREAD","GIRL","MEANSCORE","A","2006",488,
"SVK","PISAREAD","GIRL","MEANSCORE","A","2009",503,
"SVK","PISAREAD","GIRL","MEANSCORE","A","2012",483.303,
"SVK","PISAREAD","GIRL","MEANSCORE","A","2015",471,
"ESP","PISAREAD","BOY","MEANSCORE","A","2000",481,
"ESP","PISAREAD","BOY","MEANSCORE","A","2003",461,
"ESP","PISAREAD","BOY","MEANSCORE","A","2006",443,
"ESP","PISAREAD","BOY","MEANSCORE","A","2009",467,
"ESP","PISAREAD","BOY","MEANSCORE","A","2012",473.806,
"ESP","PISAREAD","BOY","MEANSCORE","A","2015",485,
"ESP","PISAREAD","GIRL","MEANSCORE","A","2000",505,
"ESP","PISAREAD","GIRL","MEANSCORE","A","2003",500,
"ESP","PISAREAD","GIRL","MEANSCORE","A","2006",479,
"ESP","PISAREAD","GIRL","MEANSCORE","A","2009",496,
"ESP","PISAREAD","GIRL","MEANSCORE","A","2012",502.511,
"ESP","PISAREAD","GIRL","MEANSCORE","A","2015",506,
"SWE","PISAREAD","BOY","MEANSCORE","A","2000",499,
"SWE","PISAREAD","BOY","MEANSCORE","A","2003",496,
"SWE","PISAREAD","BOY","MEANSCORE","A","2006",488,
"SWE","PISAREAD","BOY","MEANSCORE","A","2009",475,
"SWE","PISAREAD","BOY","MEANSCORE","A","2012",457.991,
"SWE","PISAREAD","BOY","MEANSCORE","A","2015",481,
"SWE","PISAREAD","GIRL","MEANSCORE","A","2000",536,
"SWE","PISAREAD","GIRL","MEANSCORE","A","2003",533,
"SWE","PISAREAD","GIRL","MEANSCORE","A","2006",528,
"SWE","PISAREAD","GIRL","MEANSCORE","A","2009",521,
"SWE","PISAREAD","GIRL","MEANSCORE","A","2012",509.135,
"SWE","PISAREAD","GIRL","MEANSCORE","A","2015",520,
"CHE","PISAREAD","BOY","MEANSCORE","A","2000",480,
"CHE","PISAREAD","BOY","MEANSCORE","A","2003",482,
"CHE","PISAREAD","BOY","MEANSCORE","A","2006",484,
"CHE","PISAREAD","BOY","MEANSCORE","A","2009",481,
"CHE","PISAREAD","BOY","MEANSCORE","A","2012",491.074,
"CHE","PISAREAD","BOY","MEANSCORE","A","2015",480,
"CHE","PISAREAD","GIRL","MEANSCORE","A","2000",510,
"CHE","PISAREAD","GIRL","MEANSCORE","A","2003",517,
"CHE","PISAREAD","GIRL","MEANSCORE","A","2006",515,
"CHE","PISAREAD","GIRL","MEANSCORE","A","2009",520,
"CHE","PISAREAD","GIRL","MEANSCORE","A","2012",527.064,
"CHE","PISAREAD","GIRL","MEANSCORE","A","2015",505,
"TUR","PISAREAD","BOY","MEANSCORE","A","2003",426,
"TUR","PISAREAD","BOY","MEANSCORE","A","2006",427,
"TUR","PISAREAD","BOY","MEANSCORE","A","2009",443,
"TUR","PISAREAD","BOY","MEANSCORE","A","2012",452.843,
"TUR","PISAREAD","BOY","MEANSCORE","A","2015",414,
"TUR","PISAREAD","GIRL","MEANSCORE","A","2003",459,
"TUR","PISAREAD","GIRL","MEANSCORE","A","2006",471,
"TUR","PISAREAD","GIRL","MEANSCORE","A","2009",486,
"TUR","PISAREAD","GIRL","MEANSCORE","A","2012",498.64,
"TUR","PISAREAD","GIRL","MEANSCORE","A","2015",442,
"GBR","PISAREAD","BOY","MEANSCORE","A","2006",480,
"GBR","PISAREAD","BOY","MEANSCORE","A","2009",481,
"GBR","PISAREAD","BOY","MEANSCORE","A","2012",486.631,
"GBR","PISAREAD","BOY","MEANSCORE","A","2015",487,
"GBR","PISAREAD","GIRL","MEANSCORE","A","2006",510,
"GBR","PISAREAD","GIRL","MEANSCORE","A","2009",507,
"GBR","PISAREAD","GIRL","MEANSCORE","A","2012",511.534,
"GBR","PISAREAD","GIRL","MEANSCORE","A","2015",509,
"USA","PISAREAD","BOY","MEANSCORE","A","2000",490,
"USA","PISAREAD","BOY","MEANSCORE","A","2003",479,
"USA","PISAREAD","BOY","MEANSCORE","A","2009",488,
"USA","PISAREAD","BOY","MEANSCORE","A","2012",482.498,
"USA","PISAREAD","BOY","MEANSCORE","A","2015",487,
"USA","PISAREAD","GIRL","MEANSCORE","A","2000",518,
"USA","PISAREAD","GIRL","MEANSCORE","A","2003",511,
"USA","PISAREAD","GIRL","MEANSCORE","A","2009",513,
"USA","PISAREAD","GIRL","MEANSCORE","A","2012",513.269,
"USA","PISAREAD","GIRL","MEANSCORE","A","2015",507,
"BRA","PISAREAD","BOY","MEANSCORE","A","2000",388,
"BRA","PISAREAD","BOY","MEANSCORE","A","2003",384,
"BRA","PISAREAD","BOY","MEANSCORE","A","2006",376,
"BRA","PISAREAD","BOY","MEANSCORE","A","2009",397,
"BRA","PISAREAD","BOY","MEANSCORE","A","2012",394.184,
"BRA","PISAREAD","BOY","MEANSCORE","A","2015",395,
"BRA","PISAREAD","GIRL","MEANSCORE","A","2000",404,
"BRA","PISAREAD","GIRL","MEANSCORE","A","2003",419,
"BRA","PISAREAD","GIRL","MEANSCORE","A","2006",408,
"BRA","PISAREAD","GIRL","MEANSCORE","A","2009",425,
"BRA","PISAREAD","GIRL","MEANSCORE","A","2012",424.734,
"BRA","PISAREAD","GIRL","MEANSCORE","A","2015",419,
"CHL","PISAREAD","BOY","MEANSCORE","A","2000",396,
"CHL","PISAREAD","BOY","MEANSCORE","A","2006",434,
"CHL","PISAREAD","BOY","MEANSCORE","A","2009",439,
"CHL","PISAREAD","BOY","MEANSCORE","A","2012",429.696,
"CHL","PISAREAD","BOY","MEANSCORE","A","2015",453,
"CHL","PISAREAD","GIRL","MEANSCORE","A","2000",421,
"CHL","PISAREAD","GIRL","MEANSCORE","A","2006",451,
"CHL","PISAREAD","GIRL","MEANSCORE","A","2009",461,
"CHL","PISAREAD","GIRL","MEANSCORE","A","2012",452.371,
"CHL","PISAREAD","GIRL","MEANSCORE","A","2015",465,
"EST","PISAREAD","BOY","MEANSCORE","A","2006",478,
"EST","PISAREAD","BOY","MEANSCORE","A","2009",480,
"EST","PISAREAD","BOY","MEANSCORE","A","2012",494.319,
"EST","PISAREAD","BOY","MEANSCORE","A","2015",505,
"EST","PISAREAD","GIRL","MEANSCORE","A","2006",524,
"EST","PISAREAD","GIRL","MEANSCORE","A","2009",524,
"EST","PISAREAD","GIRL","MEANSCORE","A","2012",537.833,
"EST","PISAREAD","GIRL","MEANSCORE","A","2015",533,
"IDN","PISAREAD","BOY","MEANSCORE","A","2000",360,
"IDN","PISAREAD","BOY","MEANSCORE","A","2003",369,
"IDN","PISAREAD","BOY","MEANSCORE","A","2006",384,
"IDN","PISAREAD","BOY","MEANSCORE","A","2009",383,
"IDN","PISAREAD","BOY","MEANSCORE","A","2012",382.254,
"IDN","PISAREAD","BOY","MEANSCORE","A","2015",386,
"IDN","PISAREAD","GIRL","MEANSCORE","A","2000",380,
"IDN","PISAREAD","GIRL","MEANSCORE","A","2003",394,
"IDN","PISAREAD","GIRL","MEANSCORE","A","2006",402,
"IDN","PISAREAD","GIRL","MEANSCORE","A","2009",420,
"IDN","PISAREAD","GIRL","MEANSCORE","A","2012",410.408,
"IDN","PISAREAD","GIRL","MEANSCORE","A","2015",409,
"ISR","PISAREAD","BOY","MEANSCORE","A","2000",444,
"ISR","PISAREAD","BOY","MEANSCORE","A","2006",417,
"ISR","PISAREAD","BOY","MEANSCORE","A","2009",452,
"ISR","PISAREAD","BOY","MEANSCORE","A","2012",463.46,
"ISR","PISAREAD","BOY","MEANSCORE","A","2015",467,
"ISR","PISAREAD","GIRL","MEANSCORE","A","2000",459,
"ISR","PISAREAD","GIRL","MEANSCORE","A","2006",460,
"ISR","PISAREAD","GIRL","MEANSCORE","A","2009",495,
"ISR","PISAREAD","GIRL","MEANSCORE","A","2012",507.451,
"ISR","PISAREAD","GIRL","MEANSCORE","A","2015",490,
"RUS","PISAREAD","BOY","MEANSCORE","A","2000",443,
"RUS","PISAREAD","BOY","MEANSCORE","A","2003",428,
"RUS","PISAREAD","BOY","MEANSCORE","A","2009",437,
"RUS","PISAREAD","BOY","MEANSCORE","A","2012",455.147,
"RUS","PISAREAD","BOY","MEANSCORE","A","2015",481,
"RUS","PISAREAD","GIRL","MEANSCORE","A","2000",481,
"RUS","PISAREAD","GIRL","MEANSCORE","A","2003",456,
"RUS","PISAREAD","GIRL","MEANSCORE","A","2009",482,
"RUS","PISAREAD","GIRL","MEANSCORE","A","2012",495.144,
"RUS","PISAREAD","GIRL","MEANSCORE","A","2015",507,
"SVN","PISAREAD","BOY","MEANSCORE","A","2006",467,
"SVN","PISAREAD","BOY","MEANSCORE","A","2009",456,
"SVN","PISAREAD","BOY","MEANSCORE","A","2012",454.466,
"SVN","PISAREAD","BOY","MEANSCORE","A","2015",484,
"SVN","PISAREAD","GIRL","MEANSCORE","A","2006",521,
"SVN","PISAREAD","GIRL","MEANSCORE","A","2009",511,
"SVN","PISAREAD","GIRL","MEANSCORE","A","2012",510.15,
"SVN","PISAREAD","GIRL","MEANSCORE","A","2015",528,
"OAVG","PISAREAD","BOY","MEANSCORE","A","2000",479.552,
"OAVG","PISAREAD","BOY","MEANSCORE","A","2003",477.033,
"OAVG","PISAREAD","BOY","MEANSCORE","A","2006",470.061,
"OAVG","PISAREAD","BOY","MEANSCORE","A","2009",474.088,
"OAVG","PISAREAD","BOY","MEANSCORE","A","2012",477.832,
"OAVG","PISAREAD","BOY","MEANSCORE","A","2015",479,
"OAVG","PISAREAD","GIRL","MEANSCORE","A","2000",510.828,
"OAVG","PISAREAD","GIRL","MEANSCORE","A","2003",511.667,
"OAVG","PISAREAD","GIRL","MEANSCORE","A","2006",508.576,
"OAVG","PISAREAD","GIRL","MEANSCORE","A","2009",513.235,
"OAVG","PISAREAD","GIRL","MEANSCORE","A","2012",515.427,
"OAVG","PISAREAD","GIRL","MEANSCORE","A","2015",506,
"LVA","PISAREAD","BOY","MEANSCORE","A","2015",467,
"LVA","PISAREAD","GIRL","MEANSCORE","A","2015",509,
"AUS","PISAREAD","TOT","MEANSCORE","A","2000",528,
"AUS","PISAREAD","TOT","MEANSCORE","A","2003",525,
"AUS","PISAREAD","TOT","MEANSCORE","A","2006",513,
"AUS","PISAREAD","TOT","MEANSCORE","A","2009",515,
"AUS","PISAREAD","TOT","MEANSCORE","A","2012",512,
"AUS","PISAREAD","TOT","MEANSCORE","A","2015",503,
"AUT","PISAREAD","TOT","MEANSCORE","A","2000",492,
"AUT","PISAREAD","TOT","MEANSCORE","A","2003",491,
"AUT","PISAREAD","TOT","MEANSCORE","A","2006",490,
"AUT","PISAREAD","TOT","MEANSCORE","A","2012",490,
"AUT","PISAREAD","TOT","MEANSCORE","A","2015",485,
"BEL","PISAREAD","TOT","MEANSCORE","A","2000",507,
"BEL","PISAREAD","TOT","MEANSCORE","A","2003",507,
"BEL","PISAREAD","TOT","MEANSCORE","A","2006",501,
"BEL","PISAREAD","TOT","MEANSCORE","A","2009",506,
"BEL","PISAREAD","TOT","MEANSCORE","A","2012",509,
"BEL","PISAREAD","TOT","MEANSCORE","A","2015",499,
"CAN","PISAREAD","TOT","MEANSCORE","A","2000",534,
"CAN","PISAREAD","TOT","MEANSCORE","A","2003",528,
"CAN","PISAREAD","TOT","MEANSCORE","A","2006",527,
"CAN","PISAREAD","TOT","MEANSCORE","A","2009",524,
"CAN","PISAREAD","TOT","MEANSCORE","A","2012",523,
"CAN","PISAREAD","TOT","MEANSCORE","A","2015",527,
"CZE","PISAREAD","TOT","MEANSCORE","A","2000",492,
"CZE","PISAREAD","TOT","MEANSCORE","A","2003",489,
"CZE","PISAREAD","TOT","MEANSCORE","A","2006",483,
"CZE","PISAREAD","TOT","MEANSCORE","A","2009",478,
"CZE","PISAREAD","TOT","MEANSCORE","A","2012",493,
"CZE","PISAREAD","TOT","MEANSCORE","A","2015",487,
"DNK","PISAREAD","TOT","MEANSCORE","A","2000",497,
"DNK","PISAREAD","TOT","MEANSCORE","A","2003",492,
"DNK","PISAREAD","TOT","MEANSCORE","A","2006",494,
"DNK","PISAREAD","TOT","MEANSCORE","A","2009",495,
"DNK","PISAREAD","TOT","MEANSCORE","A","2012",496,
"DNK","PISAREAD","TOT","MEANSCORE","A","2015",500,
"FIN","PISAREAD","TOT","MEANSCORE","A","2000",546,
"FIN","PISAREAD","TOT","MEANSCORE","A","2003",543,
"FIN","PISAREAD","TOT","MEANSCORE","A","2006",547,
"FIN","PISAREAD","TOT","MEANSCORE","A","2009",536,
"FIN","PISAREAD","TOT","MEANSCORE","A","2012",524,
"FIN","PISAREAD","TOT","MEANSCORE","A","2015",526,
"FRA","PISAREAD","TOT","MEANSCORE","A","2000",505,
"FRA","PISAREAD","TOT","MEANSCORE","A","2003",496,
"FRA","PISAREAD","TOT","MEANSCORE","A","2006",488,
"FRA","PISAREAD","TOT","MEANSCORE","A","2009",496,
"FRA","PISAREAD","TOT","MEANSCORE","A","2012",505,
"FRA","PISAREAD","TOT","MEANSCORE","A","2015",499,
"DEU","PISAREAD","TOT","MEANSCORE","A","2000",484,
"DEU","PISAREAD","TOT","MEANSCORE","A","2003",491,
"DEU","PISAREAD","TOT","MEANSCORE","A","2006",495,
"DEU","PISAREAD","TOT","MEANSCORE","A","2009",497,
"DEU","PISAREAD","TOT","MEANSCORE","A","2012",508,
"DEU","PISAREAD","TOT","MEANSCORE","A","2015",509,
"GRC","PISAREAD","TOT","MEANSCORE","A","2000",474,
"GRC","PISAREAD","TOT","MEANSCORE","A","2003",472,
"GRC","PISAREAD","TOT","MEANSCORE","A","2006",460,
"GRC","PISAREAD","TOT","MEANSCORE","A","2009",483,
"GRC","PISAREAD","TOT","MEANSCORE","A","2012",477,
"GRC","PISAREAD","TOT","MEANSCORE","A","2015",467,
"HUN","PISAREAD","TOT","MEANSCORE","A","2000",480,
"HUN","PISAREAD","TOT","MEANSCORE","A","2003",482,
"HUN","PISAREAD","TOT","MEANSCORE","A","2006",482,
"HUN","PISAREAD","TOT","MEANSCORE","A","2009",494,
"HUN","PISAREAD","TOT","MEANSCORE","A","2012",488,
"HUN","PISAREAD","TOT","MEANSCORE","A","2015",470,
"ISL","PISAREAD","TOT","MEANSCORE","A","2000",507,
"ISL","PISAREAD","TOT","MEANSCORE","A","2003",492,
"ISL","PISAREAD","TOT","MEANSCORE","A","2006",484,
"ISL","PISAREAD","TOT","MEANSCORE","A","2009",500,
"ISL","PISAREAD","TOT","MEANSCORE","A","2012",483,
"ISL","PISAREAD","TOT","MEANSCORE","A","2015",482,
"IRL","PISAREAD","TOT","MEANSCORE","A","2000",527,
"IRL","PISAREAD","TOT","MEANSCORE","A","2003",515,
"IRL","PISAREAD","TOT","MEANSCORE","A","2006",517,
"IRL","PISAREAD","TOT","MEANSCORE","A","2009",496,
"IRL","PISAREAD","TOT","MEANSCORE","A","2012",523,
"IRL","PISAREAD","TOT","MEANSCORE","A","2015",521,
"ITA","PISAREAD","TOT","MEANSCORE","A","2000",487,
"ITA","PISAREAD","TOT","MEANSCORE","A","2003",476,
"ITA","PISAREAD","TOT","MEANSCORE","A","2006",469,
"ITA","PISAREAD","TOT","MEANSCORE","A","2009",486,
"ITA","PISAREAD","TOT","MEANSCORE","A","2012",490,
"ITA","PISAREAD","TOT","MEANSCORE","A","2015",485,
"JPN","PISAREAD","TOT","MEANSCORE","A","2000",522,
"JPN","PISAREAD","TOT","MEANSCORE","A","2003",498,
"JPN","PISAREAD","TOT","MEANSCORE","A","2006",498,
"JPN","PISAREAD","TOT","MEANSCORE","A","2009",520,
"JPN","PISAREAD","TOT","MEANSCORE","A","2012",538,
"JPN","PISAREAD","TOT","MEANSCORE","A","2015",516,
"KOR","PISAREAD","TOT","MEANSCORE","A","2000",525,
"KOR","PISAREAD","TOT","MEANSCORE","A","2003",534,
"KOR","PISAREAD","TOT","MEANSCORE","A","2006",556,
"KOR","PISAREAD","TOT","MEANSCORE","A","2009",539,
"KOR","PISAREAD","TOT","MEANSCORE","A","2012",536,
"KOR","PISAREAD","TOT","MEANSCORE","A","2015",517,
"LUX","PISAREAD","TOT","MEANSCORE","A","2003",479,
"LUX","PISAREAD","TOT","MEANSCORE","A","2006",479,
"LUX","PISAREAD","TOT","MEANSCORE","A","2009",472,
"LUX","PISAREAD","TOT","MEANSCORE","A","2012",488,
"LUX","PISAREAD","TOT","MEANSCORE","A","2015",481,
"MEX","PISAREAD","TOT","MEANSCORE","A","2000",422,
"MEX","PISAREAD","TOT","MEANSCORE","A","2003",400,
"MEX","PISAREAD","TOT","MEANSCORE","A","2006",410,
"MEX","PISAREAD","TOT","MEANSCORE","A","2009",425,
"MEX","PISAREAD","TOT","MEANSCORE","A","2012",424,
"MEX","PISAREAD","TOT","MEANSCORE","A","2015",423,
"NLD","PISAREAD","TOT","MEANSCORE","A","2003",513,
"NLD","PISAREAD","TOT","MEANSCORE","A","2006",507,
"NLD","PISAREAD","TOT","MEANSCORE","A","2009",508,
"NLD","PISAREAD","TOT","MEANSCORE","A","2012",511,
"NLD","PISAREAD","TOT","MEANSCORE","A","2015",503,
"NZL","PISAREAD","TOT","MEANSCORE","A","2000",529,
"NZL","PISAREAD","TOT","MEANSCORE","A","2003",522,
"NZL","PISAREAD","TOT","MEANSCORE","A","2006",521,
"NZL","PISAREAD","TOT","MEANSCORE","A","2009",521,
"NZL","PISAREAD","TOT","MEANSCORE","A","2012",512,
"NZL","PISAREAD","TOT","MEANSCORE","A","2015",509,
"NOR","PISAREAD","TOT","MEANSCORE","A","2000",505,
"NOR","PISAREAD","TOT","MEANSCORE","A","2003",500,
"NOR","PISAREAD","TOT","MEANSCORE","A","2006",484,
"NOR","PISAREAD","TOT","MEANSCORE","A","2009",503,
"NOR","PISAREAD","TOT","MEANSCORE","A","2012",504,
"NOR","PISAREAD","TOT","MEANSCORE","A","2015",513,
"POL","PISAREAD","TOT","MEANSCORE","A","2000",479,
"POL","PISAREAD","TOT","MEANSCORE","A","2003",497,
"POL","PISAREAD","TOT","MEANSCORE","A","2006",508,
"POL","PISAREAD","TOT","MEANSCORE","A","2009",500,
"POL","PISAREAD","TOT","MEANSCORE","A","2012",518,
"POL","PISAREAD","TOT","MEANSCORE","A","2015",506,
"PRT","PISAREAD","TOT","MEANSCORE","A","2000",470,
"PRT","PISAREAD","TOT","MEANSCORE","A","2003",478,
"PRT","PISAREAD","TOT","MEANSCORE","A","2006",472,
"PRT","PISAREAD","TOT","MEANSCORE","A","2009",489,
"PRT","PISAREAD","TOT","MEANSCORE","A","2012",488,
"PRT","PISAREAD","TOT","MEANSCORE","A","2015",498,
"SVK","PISAREAD","TOT","MEANSCORE","A","2003",469,
"SVK","PISAREAD","TOT","MEANSCORE","A","2006",466,
"SVK","PISAREAD","TOT","MEANSCORE","A","2009",477,
"SVK","PISAREAD","TOT","MEANSCORE","A","2012",463,
"SVK","PISAREAD","TOT","MEANSCORE","A","2015",453,
"ESP","PISAREAD","TOT","MEANSCORE","A","2000",493,
"ESP","PISAREAD","TOT","MEANSCORE","A","2003",481,
"ESP","PISAREAD","TOT","MEANSCORE","A","2006",461,
"ESP","PISAREAD","TOT","MEANSCORE","A","2009",481,
"ESP","PISAREAD","TOT","MEANSCORE","A","2012",488,
"ESP","PISAREAD","TOT","MEANSCORE","A","2015",496,
"SWE","PISAREAD","TOT","MEANSCORE","A","2000",516,
"SWE","PISAREAD","TOT","MEANSCORE","A","2003",514,
"SWE","PISAREAD","TOT","MEANSCORE","A","2006",507,
"SWE","PISAREAD","TOT","MEANSCORE","A","2009",497,
"SWE","PISAREAD","TOT","MEANSCORE","A","2012",483,
"SWE","PISAREAD","TOT","MEANSCORE","A","2015",500,
"CHE","PISAREAD","TOT","MEANSCORE","A","2000",494,
"CHE","PISAREAD","TOT","MEANSCORE","A","2003",499,
"CHE","PISAREAD","TOT","MEANSCORE","A","2006",499,
"CHE","PISAREAD","TOT","MEANSCORE","A","2009",501,
"CHE","PISAREAD","TOT","MEANSCORE","A","2012",509,
"CHE","PISAREAD","TOT","MEANSCORE","A","2015",492,
"TUR","PISAREAD","TOT","MEANSCORE","A","2003",441,
"TUR","PISAREAD","TOT","MEANSCORE","A","2006",447,
"TUR","PISAREAD","TOT","MEANSCORE","A","2009",464,
"TUR","PISAREAD","TOT","MEANSCORE","A","2012",475,
"TUR","PISAREAD","TOT","MEANSCORE","A","2015",428,
"GBR","PISAREAD","TOT","MEANSCORE","A","2006",495,
"GBR","PISAREAD","TOT","MEANSCORE","A","2009",494,
"GBR","PISAREAD","TOT","MEANSCORE","A","2012",499,
"GBR","PISAREAD","TOT","MEANSCORE","A","2015",498,
"USA","PISAREAD","TOT","MEANSCORE","A","2000",504,
"USA","PISAREAD","TOT","MEANSCORE","A","2003",495,
"USA","PISAREAD","TOT","MEANSCORE","A","2009",500,
"USA","PISAREAD","TOT","MEANSCORE","A","2012",498,
"USA","PISAREAD","TOT","MEANSCORE","A","2015",497,
"BRA","PISAREAD","TOT","MEANSCORE","A","2000",396,
"BRA","PISAREAD","TOT","MEANSCORE","A","2003",403,
"BRA","PISAREAD","TOT","MEANSCORE","A","2006",393,
"BRA","PISAREAD","TOT","MEANSCORE","A","2009",412,
"BRA","PISAREAD","TOT","MEANSCORE","A","2012",407,
"BRA","PISAREAD","TOT","MEANSCORE","A","2015",407,
"CHL","PISAREAD","TOT","MEANSCORE","A","2000",410,
"CHL","PISAREAD","TOT","MEANSCORE","A","2006",442,
"CHL","PISAREAD","TOT","MEANSCORE","A","2009",449,
"CHL","PISAREAD","TOT","MEANSCORE","A","2012",441,
"CHL","PISAREAD","TOT","MEANSCORE","A","2015",459,
"EST","PISAREAD","TOT","MEANSCORE","A","2006",501,
"EST","PISAREAD","TOT","MEANSCORE","A","2009",501,
"EST","PISAREAD","TOT","MEANSCORE","A","2012",516,
"EST","PISAREAD","TOT","MEANSCORE","A","2015",519,
"IDN","PISAREAD","TOT","MEANSCORE","A","2000",371,
"IDN","PISAREAD","TOT","MEANSCORE","A","2003",382,
"IDN","PISAREAD","TOT","MEANSCORE","A","2006",393,
"IDN","PISAREAD","TOT","MEANSCORE","A","2009",402,
"IDN","PISAREAD","TOT","MEANSCORE","A","2012",396,
"IDN","PISAREAD","TOT","MEANSCORE","A","2015",397,
"ISR","PISAREAD","TOT","MEANSCORE","A","2000",452,
"ISR","PISAREAD","TOT","MEANSCORE","A","2006",439,
"ISR","PISAREAD","TOT","MEANSCORE","A","2009",474,
"ISR","PISAREAD","TOT","MEANSCORE","A","2012",486,
"ISR","PISAREAD","TOT","MEANSCORE","A","2015",479,
"LVA","PISAREAD","TOT","MEANSCORE","A","2000",458,
"LVA","PISAREAD","TOT","MEANSCORE","A","2003",491,
"LVA","PISAREAD","TOT","MEANSCORE","A","2006",479,
"LVA","PISAREAD","TOT","MEANSCORE","A","2009",484,
"LVA","PISAREAD","TOT","MEANSCORE","A","2012",489,
"LVA","PISAREAD","TOT","MEANSCORE","A","2015",488,
"RUS","PISAREAD","TOT","MEANSCORE","A","2000",462,
"RUS","PISAREAD","TOT","MEANSCORE","A","2003",442,
"RUS","PISAREAD","TOT","MEANSCORE","A","2006",440,
"RUS","PISAREAD","TOT","MEANSCORE","A","2009",459,
"RUS","PISAREAD","TOT","MEANSCORE","A","2012",475,
"RUS","PISAREAD","TOT","MEANSCORE","A","2015",495,
"SGP","PISAREAD","BOY","MEANSCORE","A","2015",525,
"SGP","PISAREAD","GIRL","MEANSCORE","A","2015",546,
"SVN","PISAREAD","TOT","MEANSCORE","A","2006",494,
"SVN","PISAREAD","TOT","MEANSCORE","A","2009",483,
"SVN","PISAREAD","TOT","MEANSCORE","A","2012",481,
"SVN","PISAREAD","TOT","MEANSCORE","A","2015",505,
"OAVG","PISAREAD","TOT","MEANSCORE","A","2012",496,
"OAVG","PISAREAD","TOT","MEANSCORE","A","2015",493,
"COL","PISAREAD","TOT","MEANSCORE","A","2015",425,
"COL","PISAREAD","BOY","MEANSCORE","A","2015",417,
"COL","PISAREAD","GIRL","MEANSCORE","A","2015",432,
"HKG","PISAREAD","TOT","MEANSCORE","A","2015",527,
"HKG","PISAREAD","BOY","MEANSCORE","A","2015",513,
"HKG","PISAREAD","GIRL","MEANSCORE","A","2015",541,
"PER","PISAREAD","TOT","MEANSCORE","A","2015",398,
"PER","PISAREAD","BOY","MEANSCORE","A","2015",394,
"PER","PISAREAD","GIRL","MEANSCORE","A","2015",401,
"SGP","PISAREAD","TOT","MEANSCORE","A","2015",535,
"TWN","PISAREAD","TOT","MEANSCORE","A","2015",497,
"TWN","PISAREAD","BOY","MEANSCORE","A","2015",485,
"TWN","PISAREAD","GIRL","MEANSCORE","A","2015",510,
"MAC","PISAREAD","TOT","MEANSCORE","A","2015",509,
"MAC","PISAREAD","BOY","MEANSCORE","A","2015",493,
"MAC","PISAREAD","GIRL","MEANSCORE","A","2015",525,
